employee_id,name,department,satisfaction_score,tenure_years,last_promotion_years,work_life_balance,salary_level,feedback_text,timestamp
EMP001,John Doe,Engineering,2,3.5,3.5,2,Medium,"I feel stuck in my role. I have been working hard but haven't seen any career growth or promotion. The workload is extremely heavy and work-life balance is poor. I love the tech stack and my peers, but I feel burned out.",2026-05-10
EMP002,Jane Smith,Sales,5,1.2,1.2,4,High,"Great company culture and fantastic sales commission structure! The onboarding was super smooth, and the leadership team is highly supportive. Looking forward to hitting my targets next quarter.",2026-05-12
EMP003,Robert Johnson,Engineering,4,4.0,1.0,4,High,"Engineering culture is excellent. I feel challenged and get to learn new things. Sometimes the release cycles are a bit tight, but overall I'm very satisfied here.",2026-05-14
EMP004,Emily Davis,Marketing,3,2.5,2.5,3,Medium,"The work is okay, but communication from management could be better. We often get shifting priorities mid-campaign, which causes confusion. Salary is fair but not highly competitive.",2026-05-18
EMP005,Michael Brown,Sales,1,2.0,2.0,1,Low,"The micromanagement in our department is unbearable. The targets are unrealistic and we are constantly criticized despite working late hours. Very toxic atmosphere and zero recognition.",2026-05-20
EMP006,Sarah Wilson,HR,5,5.5,1.5,5,High,"I love working in HR here! The team is collaborative, the company benefits are fantastic, and work-life balance is perfect. The executives really listen to our people-first initiatives.",2026-05-22
EMP007,David Martinez,Engineering,3,0.8,0.8,3,Medium,"Just joined recently. The onboarding was fine, but the documentation is a bit outdated, making it hard to get up to speed. My direct manager is helpful though. Hoping to settle in soon.",2026-05-24
EMP008,Jessica Anderson,Marketing,2,4.2,4.2,2,Low,"I have been in this team for over 4 years without a salary hike or promotion. I feel undervalued and my workload has doubled because other team members left. I'm actively looking for other jobs.",2026-05-26
EMP009,James Taylor,Finance,4,3.0,2.0,4,Medium,"Solid work environment and friendly colleagues. Work-life balance is stable, except during end-of-quarter closes. Looking for more options to lead projects in the near future.",2026-05-28
EMP010,Patricia Thomas,HR,3,1.5,1.5,4,Medium,"The role is decent, but career progression pathways are not clear. The learning and development stipend is nice, but I want more exposure to strategic planning rather than admin tasks.",2026-05-30
EMP011,Christopher Jackson,Engineering,1,3.0,3.0,2,Low,"No growth opportunities, outdated stack in some legacy services, and a manager who doesn't advocate for us. I feel completely disconnected from the company direction. Salaries are below market rate.",2026-06-02
EMP012,Elizabeth White,Sales,4,0.5,0.5,3,Medium,"Decent sales training program and high energy on the floor. It is a high-pressure sales environment, but the team bonding events help buffer the stress. So far, so good.",2026-06-05
